alt	name
buffalo city metropolitan	Buffalo City Metropolitan
buffalo city	Buffalo City Metropolitan
buffalo	Buffalo City Metropolitan
nelson mandela bay metropolitan	Nelson Mandela Bay Metropolitan
nelson mandela bay	Nelson Mandela Bay Metropolitan
alfred nzo district	Alfred Nzo District
alfred nzo district municipality	Alfred Nzo District
alfred nzo	Alfred Nzo District
matatiele local	Matatiele Local
matatiele municipality	Matatiele Local
matatiele	Matatiele Local
mbizana local	Mbizana Local
mbizana municipality	Mbizana Local
mbizana	Mbizana Local
ntabankulu local	Ntabankulu Local
ntabankulu municipality	Ntabankulu Local
ntabankulu	Ntabankulu Local
umzimvubu local	Umzimvubu Local
umzimvubu municipality	Umzimvubu Local
umzimvubu	Umzimvubu Local
amathole district	Amathole District
amathole district municipality	Amathole District
amathole	Amathole District
amahlathi local	Amahlathi Local
amahlathi municipality	Amahlathi Local
amahlathi	Amahlathi Local
great kei local	Great Kei Local
great kei municipality	Great Kei Local
great kei	Great Kei Local
mbhashe local	Mbhashe Local
mbhashe municipality	Mbhashe Local
mbhashe	Mbhashe Local
mnquma local	Mnquma Local
mnquma municipality	Mnquma Local
mnquma	Mnquma Local
ngqushwa local	Ngqushwa Local
ngqushwa municipality	Ngqushwa Local
ngqushwa	Ngqushwa Local
raymond mhlaba local	Raymond Mhlaba Local
raymond mhlaba municipality	Raymond Mhlaba Local
raymond mhlaba	Raymond Mhlaba Local
chris hani district	Chris Hani District
chris hani district municipality	Chris Hani District
chris hani	Chris Hani District
emalahleni local	Emalahleni Local
emalahleni municipality	Emalahleni Local
emalahleni	Emalahleni Local
engcobo local	Engcobo Local
engcobo municipality	Engcobo Local
engcobo	Engcobo Local
enoch mgijima local	Enoch Mgijima Local
enoch mgijima municipality	Enoch Mgijima Local
enoch mgijima	Enoch Mgijima Local
intsika yethu local	Intsika Yethu Local
intsika yethu municipality	Intsika Yethu Local
intsika yethu	Intsika Yethu Local
inxuba yethemba local	Inxuba Yethemba Local
inxuba yethemba municipality	Inxuba Yethemba Local
inxuba yethemba	Inxuba Yethemba Local
sakhisizwe local	Sakhisizwe Local
sakhisizwe municipality	Sakhisizwe Local
sakhisizwe	Sakhisizwe Local
joe gqabi district	Joe Gqabi District
joe gqabi district municipality	Joe Gqabi District
joe gqabi	Joe Gqabi District
elundini local	Elundini Local
elundini municipality	Elundini Local
elundini	Elundini Local
senqu local	Senqu Local
senqu municipality	Senqu Local
senqu	Senqu Local
walter sisulu local	Walter Sisulu Local
walter sisulu municipality	Walter Sisulu Local
walter sisulu	Walter Sisulu Local
or tambo district	OR Tambo District
or tambo district municipality	OR Tambo District
or tambo	OR Tambo District
ingquza hill local	Ingquza Hill Local
ingquza hill municipality	Ingquza Hill Local
ingquza hill	Ingquza Hill Local
ngquza hill	Ingquza Hill Local
king sabata dalindyebo local	King Sabata Dalindyebo Local
king sabata dalindyebo municipality	King Sabata Dalindyebo Local
king sabata dalindyebo	King Sabata Dalindyebo Local
mhlontlo local	Mhlontlo Local
mhlontlo municipality	Mhlontlo Local
mhlontlo	Mhlontlo Local
nyandeni local	Nyandeni Local
nyandeni municipality	Nyandeni Local
nyandeni	Nyandeni Local
port st johns local	Port St Johns Local
port st johns municipality	Port St Johns Local
port st johns	Port St Johns Local
sarah baartman district	Sarah Baartman District
sarah baartman district municipality	Sarah Baartman District
sarah baartman	Sarah Baartman District
blue crane route local	Blue Crane Route Local
blue crane route municipality	Blue Crane Route Local
blue crane route	Blue Crane Route Local
dr beyers naudé local	Dr Beyers Naudé Local
dr beyers naudé municipality	Dr Beyers Naudé Local
dr beyers naudé	Dr Beyers Naudé Local
dr. beyers naudé	Dr Beyers Naudé Local
dr beyers naude	Dr Beyers Naudé Local
dr. beyers naude	Dr Beyers Naudé Local
kouga local	Kouga Local
kouga municipality	Kouga Local
kouga	Kouga Local
koukamma local	Koukamma Local
koukamma municipality	Koukamma Local
koukamma	Koukamma Local
makana local	Makana Local
makana municipality	Makana Local
makana	Makana Local
ndlambe local	Ndlambe Local
ndlambe municipality	Ndlambe Local
ndlambe	Ndlambe Local
sundays river valley local	Sundays River Valley Local
sundays river valley municipality	Sundays River Valley Local
sundays river valley	Sundays River Valley Local
mangaung metropolitan	Mangaung Metropolitan
mangaung	Mangaung Metropolitan
fezile dabi district	Fezile Dabi District
fezile dabi district municipality	Fezile Dabi District
fezile dabi	Fezile Dabi District
mafube local	Mafube Local
mafube municipality	Mafube Local
mafube	Mafube Local
metsimaholo local	Metsimaholo Local
metsimaholo municipality	Metsimaholo Local
metsimaholo	Metsimaholo Local
moqhaka local	Moqhaka Local
moqhaka municipality	Moqhaka Local
moqhaka	Moqhaka Local
ngwathe local	Ngwathe Local
ngwathe municipality	Ngwathe Local
ngwathe	Ngwathe Local
lejweleputswa district	Lejweleputswa District
lejweleputswa district municipality	Lejweleputswa District
lejweleputswa	Lejweleputswa District
masilonyana local	Masilonyana Local
masilonyana municipality	Masilonyana Local
masilonyana	Masilonyana Local
matjhabeng local	Matjhabeng Local
matjhabeng municipality	Matjhabeng Local
matjhabeng	Matjhabeng Local
nala local	Nala Local
nala municipality	Nala Local
nala	Nala Local
tokologo local	Tokologo Local
tokologo municipality	Tokologo Local
tokologo	Tokologo Local
tswelopele local	Tswelopele Local
tswelopele municipality	Tswelopele Local
tswelopele	Tswelopele Local
thabo mofutsanyana district	Thabo Mofutsanyana District
thabo mofutsanyana district municipality	Thabo Mofutsanyana District
thabo mofutsanyana	Thabo Mofutsanyana District
dihlabeng local	Dihlabeng Local
dihlabeng municipality	Dihlabeng Local
dihlabeng	Dihlabeng Local
maluti-a-phofung local	Maluti-A-Phofung Local
maluti-a-phofung municipality	Maluti-A-Phofung Local
maluti-a-phofung	Maluti-A-Phofung Local
maluti a phofung	Maluti-A-Phofung Local
maluti phofung	Maluti-A-Phofung Local
maluti-phofung	Maluti-A-Phofung Local
mantsopa local	Mantsopa Local
mantsopa municipality	Mantsopa Local
mantsopa	Mantsopa Local
nketoana local	Nketoana Local
nketoana municipality	Nketoana Local
nketoana	Nketoana Local
phumelela local	Phumelela Local
phumelela municipality	Phumelela Local
phumelela	Phumelela Local
setsoto local	Setsoto Local
setsoto municipality	Setsoto Local
setsoto	Setsoto Local
xhariep district	Xhariep District
xhariep district municipality	Xhariep District
xhariep	Xhariep District
kopanong local	Kopanong Local
kopanong municipality	Kopanong Local
kopanong	Kopanong Local
letsemeng local	Letsemeng Local
letsemeng municipality	Letsemeng Local
letsemeng	Letsemeng Local
mohokare local	Mohokare Local
mohokare municipality	Mohokare Local
mohokare	Mohokare Local
city of ekurhuleni metropolitan	City of Ekurhuleni Metropolitan
city of ekurhuleni	City of Ekurhuleni Metropolitan
ekurhuleni city	City of Ekurhuleni Metropolitan
ekurhuleni	City of Ekurhuleni Metropolitan
city of johannesburg metropolitan	City of Johannesburg Metropolitan
city of johannesburg	City of Johannesburg Metropolitan
johannesburg city	City of Johannesburg Metropolitan
johannesburg	City of Johannesburg Metropolitan
johanesburg	City of Johannesburg Metropolitan
city of tshwane metropolitan	City of Tshwane Metropolitan
city of tshwane	City of Tshwane Metropolitan
tshwane city	City of Tshwane Metropolitan
tshwane	City of Tshwane Metropolitan
sedibeng district	Sedibeng District
sedibeng district municipality	Sedibeng District
sedibeng	Sedibeng District
emfuleni local	Emfuleni Local
emfuleni municipality	Emfuleni Local
emfuleni	Emfuleni Local
lesedi local	Lesedi Local
lesedi municipality	Lesedi Local
lesedi	Lesedi Local
midvaal local	Midvaal Local
midvaal municipality	Midvaal Local
midvaal	Midvaal Local
west rand district	West Rand District
west rand district municipality	West Rand District
west rand	West Rand District
merafong city local	Merafong City Local
merafong city municipality	Merafong City Local
merafong city	Merafong City Local
merafong	Merafong City Local
mogale city local	Mogale City Local
mogale city municipality	Mogale City Local
mogale city	Mogale City Local
mogale	Mogale City Local
rand west city local	Rand West City Local
rand west city municipality	Rand West City Local
rand west city	Rand West City Local
rand west	Rand West City Local
ethekwini metropolitan	eThekwini Metropolitan
ethekwini	eThekwini Metropolitan
amajuba district	Amajuba District
amajuba district municipality	Amajuba District
amajuba	Amajuba District
dannhauser local	Dannhauser Local
dannhauser municipality	Dannhauser Local
dannhauser	Dannhauser Local
emadlangeni local	eMadlangeni Local
emadlangeni municipality	eMadlangeni Local
emadlangeni	eMadlangeni Local
newcastle local	Newcastle Local
newcastle municipality	Newcastle Local
newcastle	Newcastle Local
harry gwala district	Harry Gwala District
harry gwala district municipality	Harry Gwala District
harry gwala	Harry Gwala District
dr nkosazana dlamini zuma local	Dr Nkosazana Dlamini Zuma Local
dr nkosazana dlamini zuma municipality	Dr Nkosazana Dlamini Zuma Local
dr nkosazana dlamini zuma	Dr Nkosazana Dlamini Zuma Local
dr. nkosazana dlamini zuma	Dr Nkosazana Dlamini Zuma Local
greater kokstad local	Greater Kokstad Local
greater kokstad municipality	Greater Kokstad Local
greater kokstad	Greater Kokstad Local
ubuhlebezwe local	Ubuhlebezwe Local
ubuhlebezwe municipality	Ubuhlebezwe Local
ubuhlebezwe	Ubuhlebezwe Local
umzimkhulu local	uMzimkhulu Local
umzimkhulu municipality	uMzimkhulu Local
umzimkhulu	uMzimkhulu Local
ilembe district	iLembe District
ilembe district municipality	iLembe District
ilembe	iLembe District
kwadukuza local	KwaDukuza Local
kwadukuza municipality	KwaDukuza Local
kwadukuza	KwaDukuza Local
mandeni local	Mandeni Local
mandeni municipality	Mandeni Local
mandeni	Mandeni Local
maphumulo local	Maphumulo Local
maphumulo municipality	Maphumulo Local
maphumulo	Maphumulo Local
ndwedwe local	Ndwedwe Local
ndwedwe municipality	Ndwedwe Local
ndwedwe	Ndwedwe Local
king cetshwayo district	King Cetshwayo District
king cetshwayo district municipality	King Cetshwayo District
king cetshwayo	King Cetshwayo District
city of umhlathuze local	City of uMhlathuze Local
city of umhlathuze municipality	City of uMhlathuze Local
city of umhlathuze	City of uMhlathuze Local
umhlathuze city	City of uMhlathuze Local
umhlathuze	City of uMhlathuze Local
mthonjaneni local	Mthonjaneni Local
mthonjaneni municipality	Mthonjaneni Local
mthonjaneni	Mthonjaneni Local
nkandla local	Nkandla Local
nkandla municipality	Nkandla Local
nkandla	Nkandla Local
umfolozi local	uMfolozi Local
umfolozi municipality	uMfolozi Local
umfolozi	uMfolozi Local
umlalazi local	uMlalazi Local
umlalazi municipality	uMlalazi Local
umlalazi	uMlalazi Local
ugu district	Ugu District
ugu district municipality	Ugu District
ugu	Ugu District
ray nkonyeni local	Ray Nkonyeni Local
ray nkonyeni municipality	Ray Nkonyeni Local
ray nkonyeni	Ray Nkonyeni Local
umdoni local	Umdoni Local
umdoni municipality	Umdoni Local
umdoni	Umdoni Local
umuziwabantu local	Umuziwabantu Local
umuziwabantu municipality	Umuziwabantu Local
umuziwabantu	Umuziwabantu Local
umzumbe local	Umzumbe Local
umzumbe municipality	Umzumbe Local
umzumbe	Umzumbe Local
umgungundlovu district	uMgungundlovu District
umgungundlovu district municipality	uMgungundlovu District
umgungundlovu	uMgungundlovu District
impendle local	Impendle Local
impendle municipality	Impendle Local
impendle	Impendle Local
mkhambathini local	Mkhambathini Local
mkhambathini municipality	Mkhambathini Local
mkhambathini	Mkhambathini Local
mpofana local	Mpofana Local
mpofana municipality	Mpofana Local
mpofana	Mpofana Local
msunduzi local	Msunduzi Local
msunduzi municipality	Msunduzi Local
msunduzi	Msunduzi Local
richmond local	Richmond Local
richmond municipality	Richmond Local
richmond	Richmond Local
umngeni local	uMngeni Local
umngeni municipality	uMngeni Local
umngeni	uMngeni Local
umshwathi local	uMshwathi Local
umshwathi municipality	uMshwathi Local
umshwathi	uMshwathi Local
umkhanyakude district	uMkhanyakude District
umkhanyakude district municipality	uMkhanyakude District
umkhanyakude	uMkhanyakude District
big 5 hlabisa local	Big 5 Hlabisa Local
big 5 hlabisa municipality	Big 5 Hlabisa Local
big 5 hlabisa	Big 5 Hlabisa Local
jozini local	Jozini Local
jozini municipality	Jozini Local
jozini	Jozini Local
mtubatuba local	Mtubatuba Local
mtubatuba municipality	Mtubatuba Local
mtubatuba	Mtubatuba Local
umhlabuyalingana local	uMhlabuyalingana Local
umhlabuyalingana municipality	uMhlabuyalingana Local
umhlabuyalingana	uMhlabuyalingana Local
umzinyathi district	uMzinyathi District
umzinyathi district municipality	uMzinyathi District
umzinyathi	uMzinyathi District
endumeni local	Endumeni Local
endumeni municipality	Endumeni Local
endumeni	Endumeni Local
nquthu local	Nquthu Local
nquthu municipality	Nquthu Local
nquthu	Nquthu Local
umsinga local	uMsinga Local
umsinga municipality	uMsinga Local
umsinga	uMsinga Local
umvoti local	Umvoti Local
umvoti municipality	Umvoti Local
umvoti	Umvoti Local
uthukela district	uThukela District
uthukela district municipality	uThukela District
uthukela	uThukela District
alfred duma local	Alfred Duma Local
alfred duma municipality	Alfred Duma Local
alfred duma	Alfred Duma Local
inkosi langalibalele local	Inkosi Langalibalele Local
inkosi langalibalele municipality	Inkosi Langalibalele Local
inkosi langalibalele	Inkosi Langalibalele Local
okhahlamba local	Okhahlamba Local
okhahlamba municipality	Okhahlamba Local
okhahlamba	Okhahlamba Local
zululand district	Zululand District
zululand district municipality	Zululand District
zululand	Zululand District
abaqulusi local	AbaQulusi Local
abaqulusi municipality	AbaQulusi Local
abaqulusi	AbaQulusi Local
edumbe local	eDumbe Local
edumbe municipality	eDumbe Local
edumbe	eDumbe Local
nongoma local	Nongoma Local
nongoma municipality	Nongoma Local
nongoma	Nongoma Local
ulundi local	Ulundi Local
ulundi municipality	Ulundi Local
ulundi	Ulundi Local
uphongolo local	uPhongolo Local
uphongolo municipality	uPhongolo Local
uphongolo	uPhongolo Local
capricorn district	Capricorn District
capricorn district municipality	Capricorn District
capricorn	Capricorn District
blouberg local	Blouberg Local
blouberg municipality	Blouberg Local
blouberg	Blouberg Local
lepelle-nkumpi local	Lepelle-Nkumpi Local
lepelle-nkumpi municipality	Lepelle-Nkumpi Local
lepelle-nkumpi	Lepelle-Nkumpi Local
lepelle nkumpi	Lepelle-Nkumpi Local
molemole local	Molemole Local
molemole municipality	Molemole Local
molemole	Molemole Local
polokwane local	Polokwane Local
polokwane municipality	Polokwane Local
polokwane	Polokwane Local
mopani district	Mopani District
mopani district municipality	Mopani District
mopani	Mopani District
ba-phalaborwa local	Ba-Phalaborwa Local
ba-phalaborwa municipality	Ba-Phalaborwa Local
ba-phalaborwa	Ba-Phalaborwa Local
ba phalaborwa	Ba-Phalaborwa Local
greater giyani local	Greater Giyani Local
greater giyani municipality	Greater Giyani Local
greater giyani	Greater Giyani Local
greater letaba local	Greater Letaba Local
greater letaba municipality	Greater Letaba Local
greater letaba	Greater Letaba Local
greater tzaneen local	Greater Tzaneen Local
greater tzaneen municipality	Greater Tzaneen Local
greater tzaneen	Greater Tzaneen Local
maruleng local	Maruleng Local
maruleng municipality	Maruleng Local
maruleng	Maruleng Local
sekhukhune district	Sekhukhune District
sekhukhune district municipality	Sekhukhune District
sekhukhune	Sekhukhune District
elias motsoaledi local	Elias Motsoaledi Local
elias motsoaledi municipality	Elias Motsoaledi Local
elias motsoaledi	Elias Motsoaledi Local
ephraim mogale local	Ephraim Mogale Local
ephraim mogale municipality	Ephraim Mogale Local
ephraim mogale	Ephraim Mogale Local
fetakgomo tubatse local	Fetakgomo Tubatse Local
fetakgomo tubatse municipality	Fetakgomo Tubatse Local
fetakgomo tubatse	Fetakgomo Tubatse Local
makhuduthamaga local	Makhuduthamaga Local
makhuduthamaga municipality	Makhuduthamaga Local
makhuduthamaga	Makhuduthamaga Local
vhembe district	Vhembe District
vhembe district municipality	Vhembe District
vhembe	Vhembe District
collins chabane local	Collins Chabane Local
collins chabane municipality	Collins Chabane Local
collins chabane	Collins Chabane Local
makhado local	Makhado Local
makhado municipality	Makhado Local
makhado	Makhado Local
musina local	Musina Local
musina municipality	Musina Local
musina	Musina Local
thulamela local	Thulamela Local
thulamela municipality	Thulamela Local
thulamela	Thulamela Local
waterberg district	Waterberg District
waterberg district municipality	Waterberg District
waterberg	Waterberg District
bela-bela local	Bela-Bela Local
bela-bela municipality	Bela-Bela Local
bela-bela	Bela-Bela Local
bela bela	Bela-Bela Local
lephalale local	Lephalale Local
lephalale municipality	Lephalale Local
lephalale	Lephalale Local
modimolle-mookgophong local	Modimolle-Mookgophong Local
modimolle-mookgophong municipality	Modimolle-Mookgophong Local
modimolle-mookgophong	Modimolle-Mookgophong Local
modimolle mookgophong	Modimolle-Mookgophong Local
mogalakwena local	Mogalakwena Local
mogalakwena municipality	Mogalakwena Local
mogalakwena	Mogalakwena Local
thabazimbi local	Thabazimbi Local
thabazimbi municipality	Thabazimbi Local
thabazimbi	Thabazimbi Local
ehlanzeni district	Ehlanzeni District
ehlanzeni district municipality	Ehlanzeni District
ehlanzeni	Ehlanzeni District
bushbuckridge local	Bushbuckridge Local
bushbuckridge municipality	Bushbuckridge Local
bushbuckridge	Bushbuckridge Local
city of mbombela local	City of Mbombela Local
city of mbombela municipality	City of Mbombela Local
city of mbombela	City of Mbombela Local
mbombela city	City of Mbombela Local
mbombela	City of Mbombela Local
nkomazi local	Nkomazi Local
nkomazi municipality	Nkomazi Local
nkomazi	Nkomazi Local
thaba chweu local	Thaba Chweu Local
thaba chweu municipality	Thaba Chweu Local
thaba chweu	Thaba Chweu Local
gert sibande district	Gert Sibande District
gert sibande district municipality	Gert Sibande District
gert sibande	Gert Sibande District
chief albert luthuli local	Chief Albert Luthuli Local
chief albert luthuli municipality	Chief Albert Luthuli Local
chief albert luthuli	Chief Albert Luthuli Local
dipaleseng local	Dipaleseng Local
dipaleseng municipality	Dipaleseng Local
dipaleseng	Dipaleseng Local
dr pixley ka isaka seme local	Dr Pixley Ka Isaka Seme Local
dr pixley ka isaka seme municipality	Dr Pixley Ka Isaka Seme Local
dr pixley ka isaka seme	Dr Pixley Ka Isaka Seme Local
dr. pixley ka isaka seme	Dr Pixley Ka Isaka Seme Local
govan mbeki local	Govan Mbeki Local
govan mbeki municipality	Govan Mbeki Local
govan mbeki	Govan Mbeki Local
lekwa local	Lekwa Local
lekwa municipality	Lekwa Local
lekwa	Lekwa Local
mkhondo local	Mkhondo Local
mkhondo municipality	Mkhondo Local
mkhondo	Mkhondo Local
msukaligwa local	Msukaligwa Local
msukaligwa municipality	Msukaligwa Local
msukaligwa	Msukaligwa Local
nkangala district	Nkangala District
nkangala district municipality	Nkangala District
nkangala	Nkangala District
dr js moroka local	Dr JS Moroka Local
dr js moroka municipality	Dr JS Moroka Local
dr js moroka	Dr JS Moroka Local
dr. js moroka	Dr JS Moroka Local
emakhazeni local	Emakhazeni Local
emakhazeni municipality	Emakhazeni Local
emakhazeni	Emakhazeni Local
steve tshwete local	Steve Tshwete Local
steve tshwete municipality	Steve Tshwete Local
steve tshwete	Steve Tshwete Local
thembisile hani local	Thembisile Hani Local
thembisile hani municipality	Thembisile Hani Local
thembisile hani	Thembisile Hani Local
victor khanye local	Victor Khanye Local
victor khanye municipality	Victor Khanye Local
victor khanye	Victor Khanye Local
frances baard district	Frances Baard District
frances baard district municipality	Frances Baard District
frances baard	Frances Baard District
dikgatlong local	Dikgatlong Local
dikgatlong municipality	Dikgatlong Local
dikgatlong	Dikgatlong Local
magareng local	Magareng Local
magareng municipality	Magareng Local
magareng	Magareng Local
phokwane local	Phokwane Local
phokwane municipality	Phokwane Local
phokwane	Phokwane Local
sol plaatje local	Sol Plaatje Local
sol plaatje municipality	Sol Plaatje Local
sol plaatje	Sol Plaatje Local
john taolo gaetsewe district	John Taolo Gaetsewe District
john taolo gaetsewe district municipality	John Taolo Gaetsewe District
john taolo gaetsewe	John Taolo Gaetsewe District
ga-segonyana local	Ga-Segonyana Local
ga-segonyana municipality	Ga-Segonyana Local
ga-segonyana	Ga-Segonyana Local
ga segonyana	Ga-Segonyana Local
gamagara local	Gamagara Local
gamagara municipality	Gamagara Local
gamagara	Gamagara Local
joe morolong local	Joe Morolong Local
joe morolong municipality	Joe Morolong Local
joe morolong	Joe Morolong Local
namakwa district	Namakwa District
namakwa district municipality	Namakwa District
namakwa	Namakwa District
hantam local	Hantam Local
hantam municipality	Hantam Local
hantam	Hantam Local
kamiesberg local	Kamiesberg Local
kamiesberg municipality	Kamiesberg Local
kamiesberg	Kamiesberg Local
karoo hoogland local	Karoo Hoogland Local
karoo hoogland municipality	Karoo Hoogland Local
karoo hoogland	Karoo Hoogland Local
khai-ma local	Khai-Ma Local
khai-ma municipality	Khai-Ma Local
khai-ma	Khai-Ma Local
khai ma	Khai-Ma Local
nama khoi local	Nama Khoi Local
nama khoi municipality	Nama Khoi Local
nama khoi	Nama Khoi Local
richtersveld local	Richtersveld Local
richtersveld municipality	Richtersveld Local
richtersveld	Richtersveld Local
pixley ka seme district	Pixley Ka Seme District
pixley ka seme district municipality	Pixley Ka Seme District
pixley ka seme	Pixley Ka Seme District
emthanjeni local	Emthanjeni Local
emthanjeni municipality	Emthanjeni Local
emthanjeni	Emthanjeni Local
kareeberg local	Kareeberg Local
kareeberg municipality	Kareeberg Local
kareeberg	Kareeberg Local
renosterberg local	Renosterberg Local
renosterberg municipality	Renosterberg Local
renosterberg	Renosterberg Local
siyancuma local	Siyancuma Local
siyancuma municipality	Siyancuma Local
siyancuma	Siyancuma Local
siyathemba local	Siyathemba Local
siyathemba municipality	Siyathemba Local
siyathemba	Siyathemba Local
thembelihle local	Thembelihle Local
thembelihle municipality	Thembelihle Local
thembelihle	Thembelihle Local
ubuntu local	Ubuntu Local
ubuntu municipality	Ubuntu Local
ubuntu	Ubuntu Local
umsobomvu local	Umsobomvu Local
umsobomvu municipality	Umsobomvu Local
umsobomvu	Umsobomvu Local
zf mgcawu district	ZF Mgcawu District
zf mgcawu district municipality	ZF Mgcawu District
zf mgcawu	ZF Mgcawu District
!kheis local	!Kheis Local
!kheis municipality	!Kheis Local
kheis municipality	!Kheis Local
!kheis	!Kheis Local
kheis	!Kheis Local
dawid kruiper local	Dawid Kruiper Local
dawid kruiper municipality	Dawid Kruiper Local
dawid kruiper	Dawid Kruiper Local
kai !garib local	Kai !Garib Local
kai !garib municipality	Kai !Garib Local
kai garib municipality	Kai !Garib Local
kai !garib	Kai !Garib Local
kai garib	Kai !Garib Local
kgatelopele local	Kgatelopele Local
kgatelopele municipality	Kgatelopele Local
kgatelopele	Kgatelopele Local
tsantsabane local	Tsantsabane Local
tsantsabane municipality	Tsantsabane Local
tsantsabane	Tsantsabane Local
bojanala platinum district	Bojanala Platinum District
bojanala platinum district municipality	Bojanala Platinum District
bojanala platinum	Bojanala Platinum District
kgetlengrivier local	Kgetlengrivier Local
kgetlengrivier municipality	Kgetlengrivier Local
kgetlengrivier	Kgetlengrivier Local
madibeng local	Madibeng Local
madibeng municipality	Madibeng Local
madibeng	Madibeng Local
moretele local	Moretele Local
moretele municipality	Moretele Local
moretele	Moretele Local
moses kotane local	Moses Kotane Local
moses kotane municipality	Moses Kotane Local
moses kotane	Moses Kotane Local
rustenburg local	Rustenburg Local
rustenburg municipality	Rustenburg Local
rustenburg	Rustenburg Local
dr kenneth kaunda district	Dr Kenneth Kaunda District
dr kenneth kaunda district municipality	Dr Kenneth Kaunda District
dr kenneth kaunda	Dr Kenneth Kaunda District
dr. kenneth kaunda	Dr Kenneth Kaunda District
city of matlosana local	City of Matlosana Local
city of matlosana municipality	City of Matlosana Local
city of matlosana	City of Matlosana Local
matlosana city	City of Matlosana Local
matlosana	City of Matlosana Local
jb marks local	JB Marks Local
jb marks municipality	JB Marks Local
jb marks	JB Marks Local
maquassi hills local	Maquassi Hills Local
maquassi hills municipality	Maquassi Hills Local
maquassi hills	Maquassi Hills Local
dr ruth segomotsi mompati district	Dr Ruth Segomotsi Mompati District
dr ruth segomotsi mompati district municipality	Dr Ruth Segomotsi Mompati District
dr ruth segomotsi mompati	Dr Ruth Segomotsi Mompati District
dr. ruth segomotsi mompati	Dr Ruth Segomotsi Mompati District
greater taung local	Greater Taung Local
greater taung municipality	Greater Taung Local
greater taung	Greater Taung Local
kagisano-molopo local	Kagisano-Molopo Local
kagisano-molopo municipality	Kagisano-Molopo Local
kagisano-molopo	Kagisano-Molopo Local
kagisano molopo	Kagisano-Molopo Local
lekwa-teemane local	Lekwa-Teemane Local
lekwa-teemane municipality	Lekwa-Teemane Local
lekwa-teemane	Lekwa-Teemane Local
lekwa teemane	Lekwa-Teemane Local
mamusa local	Mamusa Local
mamusa municipality	Mamusa Local
mamusa	Mamusa Local
naledi local	Naledi Local
naledi municipality	Naledi Local
naledi	Naledi Local
ngaka modiri molema district	Ngaka Modiri Molema District
ngaka modiri molema district municipality	Ngaka Modiri Molema District
ngaka modiri molema	Ngaka Modiri Molema District
ditsobotla local	Ditsobotla Local
ditsobotla municipality	Ditsobotla Local
ditsobotla	Ditsobotla Local
mahikeng local	Mahikeng Local
mahikeng municipality	Mahikeng Local
mahikeng	Mahikeng Local
ramotshere moiloa local	Ramotshere Moiloa Local
ramotshere moiloa municipality	Ramotshere Moiloa Local
ramotshere moiloa	Ramotshere Moiloa Local
ratlou local	Ratlou Local
ratlou municipality	Ratlou Local
ratlou	Ratlou Local
tswaing local	Tswaing Local
tswaing municipality	Tswaing Local
tswaing	Tswaing Local
city of cape town metropolitan	City of Cape Town Metropolitan
city of cape town	City of Cape Town Metropolitan
cape town city	City of Cape Town Metropolitan
cape town	City of Cape Town Metropolitan
cape winelands district	Cape Winelands District
cape winelands district municipality	Cape Winelands District
cape winelands	Cape Winelands District
breede valley local	Breede Valley Local
breede valley municipality	Breede Valley Local
breede valley	Breede Valley Local
drakenstein local	Drakenstein Local
drakenstein municipality	Drakenstein Local
drakenstein	Drakenstein Local
langeberg local	Langeberg Local
langeberg municipality	Langeberg Local
langeberg	Langeberg Local
stellenbosch local	Stellenbosch Local
stellenbosch municipality	Stellenbosch Local
stellenbosch	Stellenbosch Local
witzenberg local	Witzenberg Local
witzenberg municipality	Witzenberg Local
witzenberg	Witzenberg Local
central karoo district	Central Karoo District
central karoo district municipality	Central Karoo District
central karoo	Central Karoo District
beaufort west local	Beaufort West Local
beaufort west municipality	Beaufort West Local
beaufort west	Beaufort West Local
laingsburg local	Laingsburg Local
laingsburg municipality	Laingsburg Local
laingsburg	Laingsburg Local
prince albert local	Prince Albert Local
prince albert municipality	Prince Albert Local
prince albert	Prince Albert Local
garden route district	Garden Route District
garden route district municipality	Garden Route District
garden route	Garden Route District
bitou local	Bitou Local
bitou municipality	Bitou Local
bitou	Bitou Local
george local	George Local
george municipality	George Local
george	George Local
hessequa local	Hessequa Local
hessequa municipality	Hessequa Local
hessequa	Hessequa Local
kannaland local	Kannaland Local
kannaland municipality	Kannaland Local
kannaland	Kannaland Local
knysna local	Knysna Local
knysna municipality	Knysna Local
knysna	Knysna Local
mossel bay local	Mossel Bay Local
mossel bay municipality	Mossel Bay Local
mossel bay	Mossel Bay Local
oudtshoorn local	Oudtshoorn Local
oudtshoorn municipality	Oudtshoorn Local
oudtshoorn	Oudtshoorn Local
overberg district	Overberg District
overberg district municipality	Overberg District
overberg	Overberg District
cape agulhas local	Cape Agulhas Local
cape agulhas municipality	Cape Agulhas Local
cape agulhas	Cape Agulhas Local
overstrand local	Overstrand Local
overstrand municipality	Overstrand Local
overstrand	Overstrand Local
swellendam local	Swellendam Local
swellendam municipality	Swellendam Local
swellendam	Swellendam Local
theewaterskloof local	Theewaterskloof Local
theewaterskloof municipality	Theewaterskloof Local
theewaterskloof	Theewaterskloof Local
west coast district	West Coast District
west coast district municipality	West Coast District
west coast	West Coast District
bergrivier local	Bergrivier Local
bergrivier municipality	Bergrivier Local
bergrivier	Bergrivier Local
cederberg local	Cederberg Local
cederberg municipality	Cederberg Local
cederberg	Cederberg Local
matzikama local	Matzikama Local
matzikama municipality	Matzikama Local
matzikama	Matzikama Local
saldanha bay local	Saldanha Bay Local
saldanha bay municipality	Saldanha Bay Local
saldanha bay	Saldanha Bay Local
swartland local	Swartland Local
swartland municipality	Swartland Local
swartland	Swartland Local